id,name,model_id:id,group_id:id,perm_read,perm_write,perm_create,perm_unlink
access_sh_approval_info,access_sh_approval_info,model_sh_approval_info,base.group_user,1,1,1,1
access_sh_reject_reason_wizard,access_sh_reject_reason_wizard,model_sh_reject_reason_wizard,base.group_user,1,1,1,1


access_approval_configuration,access_approval_configuration,model_approval_configuration,base.group_user,1,1,1,1
access_approval_details,access_approval_details,model_approval_details,base.group_user,1,1,1,1
access_approval_group,access_approval_group,model_approval_group,base.group_user,1,1,1,1
access_approval_user_group,access_approval_user_group,model_approval_user_group,base.group_user,1,1,1,1


